coordinate_x,coordinate_y,cell_type,probability,area,convex_area,eccentricity,extent,filled_area,major_axis_length,minor_axis_length,orientation,perimeter,solidity,pa_ratio
114.2171581769437,946.9490616621983,Stroma,0.9910065531730652,373,446,0.9828497957474204,0.3853305785123967,373,52.58656769869368,9.697379289869453,-0.38143931945489284,109.25483399593904,0.8363228699551569,32.001658851153344
416.904,995.896,Stroma,0.9906800389289856,250,266,0.9487864662410223,0.4789272030651341,250,32.43002773173269,10.245232516592823,-0.5159942904926986,74.18376618407356,0.9398496240601504,22.012924661013184
367.7319587628866,284.7938144329897,Stroma,0.9895524382591248,97,108,0.9946360576334385,0.7578125,97,35.354653572266926,3.6569621921568913,-0.025306971650757952,64.07106781186548,0.8981481481481481,42.320636397450144
11.271523178807946,587.1655629139073,Stroma,0.9893335700035095,151,167,0.9765598059050417,0.3700980392156863,151,30.19759065319726,6.4999179613626055,-0.5513514536506874,62.76955262170047,0.9041916167664671,26.09282606840016
639.2451923076923,812.2403846153846,Stroma,0.9872955679893494,208,243,0.9924025082269842,0.40310077519379844,208,46.85530236514596,5.7647755647699475,-0.2279929408780618,94.87005768508881,0.8559670781893004,43.27080694794268
319.43432574430824,973.5954465849387,Stroma,0.9871909618377686,571,630,0.8949312722949528,0.5287037037037037,571,42.204619909947546,18.83187061258517,-0.6064267056464213,117.22539674441617,0.9063492063492063,24.066188514686125
270.7508196721312,808.0491803278688,Stroma,0.9866794943809509,305,339,0.9794731589397795,0.5865384615384616,305,44.49376833903045,8.968814830305465,-0.21212990331249315,92.62741699796952,0.8997050147492626,28.13061763841224
213.49700598802394,426.11976047904193,Tumor,0.9857242703437805,334,348,0.7697132246518521,0.755656108597285,334,26.199630696987402,16.725577309592175,1.3616901779277095,69.698484809835,0.9597701149425287,14.544547259840718
161.85,293.1277777777778,Stroma,0.9825426340103149,180,201,0.9775876468772805,0.703125,180,33.12454602622995,6.973672266256856,-0.05124341065103293,69.55634918610404,0.8955223880597015,26.87825395610687
275.2392156862745,918.8980392156863,Stroma,0.9804460406303406,255,281,0.9825712193523587,0.3079710144927536,255,42.036496542893104,7.814018121237488,-0.5480997025492743,89.5685424949238,0.9074733096085409,31.46087766535283
186.9506172839506,847.2716049382716,Stroma,0.9791379570960999,162,178,0.9744368325355207,0.4,162,30.769280925428664,6.912677587563148,-0.4426880106923757,65.94112549695427,0.9101123595505618,26.840938467932546
733.2823529411764,627.6666666666666,Stroma,0.9790161848068237,255,267,0.9234944204751832,0.6854838709677419,255,29.23899533590112,11.21642524122465,0.021951594126432737,69.698484809835,0.9550561797752809,19.050505038379608
96.98870056497175,660.0451977401129,Stroma,0.9776216745376587,177,197,0.988694288283836,0.2653673163418291,177,39.40731739111316,5.908943516289123,-0.6824172062417637,75.9827560572969,0.8984771573604061,32.61796168396999
618.6654275092936,662.6468401486989,Stroma,0.9774814248085022,269,304,0.985914611026422,0.6113636363636363,269,46.09735753911848,7.709757865661354,0.10115273950665885,93.62741699796952,0.8848684210526315,32.58770711416979
663.2013201320132,630.3234323432343,Stroma,0.9767281413078308,303,330,0.9843177892535411,0.5988142292490118,303,46.89108050476047,8.271789920687795,-0.15046989416827197,100.04163056034261,0.9181818181818182,33.03078496756461
224.86896551724138,449.01724137931035,Tumor,0.976716160774231,290,302,0.8979326504488976,0.6561085972850679,290,29.109728081143473,12.812148562216075,0.4405249904418246,68.52691193458118,0.9602649006622517,16.192888480309808
134.34848484848484,665.3560606060606,Stroma,0.9757762551307678,132,156,0.982324773178179,0.352,132,30.97769314063006,5.798544246627298,-0.44218541451869986,62.52691193458118,0.8461538461538461,29.6182933035975
374.17289719626166,303.7710280373832,Stroma,0.9743029475212097,214,246,0.9866577689910652,0.6257309941520468,214,41.74909737306374,6.797087304824206,0.10036758326494012,82.38477631085023,0.8699186991869918,31.71612788686369
991.1925925925926,436.52592592592595,Stroma,0.9728292226791382,135,146,0.9780139928925274,0.38571428571428573,135,28.839215331799902,6.014109090667091,-0.43897571046907663,60.526911934581186,0.9246575342465754,27.137089395085532
887.3769841269841,699.984126984127,Stroma,0.9711299538612366,252,291,0.9750914835710575,0.34615384615384615,252,39.60574532325856,8.784675617151738,-0.7286304442843123,82.32590180780453,0.865979381443299,26.89505598598521
54.68075117370892,667.093896713615,Stroma,0.9705633521080017,213,229,0.9450823787133865,0.46304347826086956,213,29.17577355005477,9.535582724216566,-0.6306820705128284,65.59797974644667,0.9301310043668122,20.202323693968204
216.26875,747.428125,Stroma,0.9703751802444458,320,337,0.8831923413285916,0.6971677559912854,320,29.708792374698117,13.933749473385845,-0.2977882290272495,72.28427124746189,0.9495548961424333,16.32817459305202
221.84328358208955,398.80223880597015,Tumor,0.9698290228843689,268,278,0.7246575941368658,0.638095238095238,268,22.551653445068677,15.54054992905184,0.680126646431741,62.18376618407356,0.9640287769784173,14.428435734460935
365.4896265560166,381.0497925311203,Stroma,0.9695209860801697,241,268,0.9846682442060448,0.7172619047619048,241,43.50321306919772,7.588592658234191,-0.03295305253350075,89.38477631085024,0.8992537313432836,33.152025876102634
618.2916666666666,509.90833333333336,Stroma,0.9689075946807861,240,264,0.9755777632748585,0.5555555555555556,240,37.78223374995913,8.299031508227902,0.21585357618916537,79.698484809835,0.9090909090909091,26.466035337431247
210.12994350282486,606.8361581920904,Stroma,0.9684960246086121,177,199,0.9871804260631901,0.6833976833976834,177,38.45549741127506,6.137816202305345,0.04851388110977191,77.5208152801713,0.8894472361809045,33.95184633730192
876.3082191780821,745.4657534246576,Stroma,0.9679462313652039,146,156,0.8957084680754898,0.6952380952380952,146,20.815623553780636,9.255496557055093,-0.16603163428517975,49.798989873223334,0.9358974358974359,16.985886249269864
492.76258992805754,103.9568345323741,Stroma,0.9679437279701233,139,161,0.9840871157292108,0.5791666666666667,139,32.31582566680516,5.742091083664999,0.1457404753842175,64.97056274847714,0.8633540372670807,30.3681584449914
574.6775067750677,341.5447154471545,Stroma,0.9653032422065735,369,454,0.9890084500534857,0.4823529411764706,369,59.29143922092183,8.766773281047415,-0.20247748706943977,117.45584412271572,0.8127753303964758,37.38719598531082
997.4646464646464,49.535353535353536,Lymphocyte,0.9631198048591614,297,312,0.64665636465442,0.781578947368421,297,22.530878637260383,17.186136359229533,-1.1333324899631187,64.62741699796952,0.9519230769230769,14.06297315767488
607.0140845070423,819.8098591549295,Stroma,0.9619654417037964,142,155,0.9853740254255091,0.6543778801843319,142,32.69718689315742,5.571780057691481,-0.13147929619217935,66.14213562373095,0.9161290322580645,30.808324682169147
274.6559139784946,994.7983870967741,Stroma,0.9618197679519653,372,390,0.9243510496866186,0.5454545454545454,372,35.80515902274009,13.661211359470949,-0.5215952111065181,84.42640687119285,0.9538461538461539,19.16080155155968
289.51724137931035,535.235632183908,Stroma,0.9611892104148865,174,187,0.9000903607323574,0.5819397993311036,174,23.05671927466378,10.045888063561542,-0.3962828967419417,55.69848480983499,0.93048128342246,17.829432242019646
341.8777777777778,780.5,Stroma,0.9611109495162964,90,93,0.9757630668975574,0.33088235294117646,90,23.22037354596366,5.081307359792002,-0.8358431615152481,46.76955262170047,0.967741935483871,24.30434502704455
95.165,837.08,Stroma,0.9610443115234375,200,211,0.9622041066999827,0.3968253968253968,200,31.070658854809526,8.461451313341396,-0.7165817467989116,66.66904755831214,0.9478672985781991,22.223809511662434
619.8042168674699,459.55120481927713,Lymphocyte,0.9607261419296265,332,337,0.6810325298272946,0.8019323671497585,332,24.04688381260388,17.608406708978762,0.3522621256907203,65.698484809835,0.9851632047477745,13.000876223819638
560.8863636363636,822.7840909090909,Stroma,0.960541307926178,176,199,0.9936488732744098,0.5714285714285714,176,45.11006454422244,5.076018234167994,-0.1091735200658073,89.72792206135786,0.8844221105527639,45.744886349142675
695.9934426229509,427.5770491803279,Stroma,0.9595986604690552,305,354,0.9727048600226328,0.6015779092702169,305,42.505156245149934,9.863143167355716,0.13837999011476487,88.87005768508881,0.8615819209039548,25.894711976888566
112.86705202312139,828.3121387283237,Stroma,0.9593920111656189,173,181,0.9583795111975996,0.4178743961352657,173,28.190444458767487,8.04829598659744,-0.6119796689756271,62.76955262170047,0.9558011049723757,22.77466321577124
891.4705882352941,605.447963800905,Stroma,0.9582589864730835,221,233,0.6999235410033938,0.7366666666666667,221,20.283687751069536,14.48697042841433,-0.21071292768926114,56.627416997969526,0.9484978540772532,14.50979346543859
977.2181818181818,746.0181818181818,Stroma,0.9572980999946594,275,295,0.9735900482063942,0.5169172932330827,275,39.549853573469605,9.029363925306498,-0.29113592424737117,86.5269119345812,0.9322033898305084,27.22511450521734
953.9371428571428,802.4685714285714,Stroma,0.9551381468772888,175,194,0.9790752974499906,0.5131964809384164,175,33.540550981120795,6.825445420553824,-0.24429734866410838,70.04163056034261,0.9020618556701031,28.033314351722975
359.2563025210084,926.6344537815127,Stroma,0.9550902247428894,238,271,0.969195737781435,0.3655913978494624,238,36.363637991467385,8.956063723410175,-0.6656124822054769,80.08326112068524,0.8782287822878229,26.946759292957374
959.9777777777778,484.6666666666667,Stroma,0.9547573924064636,135,152,0.9750919496391868,0.7142857142857143,135,28.484970630900307,6.317995365675555,0.05433671670101799,58.727922061357845,0.8881578947368421,25.547917256629045
204.23456790123456,227.07407407407408,Stroma,0.9526746273040771,81,94,0.8635612837137364,0.6,81,15.308732817461498,7.719335118432061,-0.1784936396363086,37.55634918610404,0.8617021276595744,17.413325483809604
878.1086956521739,773.2971014492754,Stroma,0.9503859281539917,138,161,0.9308477355762278,0.44805194805194803,138,23.419434898366884,8.557632418597665,0.5123848176701539,53.90559159102154,0.8571428571428571,21.0566145273769
51.35,16.78,Lymphocyte,0.9501742720603943,100,114,0.8452944885510767,0.6493506493506493,100,15.72199228913861,8.400271332538379,0.42314867900178854,41.00609665440987,0.8771929824561403,16.814999628308048
735.9076923076923,75.29230769230769,Stroma,0.9493069648742676,130,136,0.8287899677731245,0.7222222222222222,130,17.236659489772446,9.644942037759675,0.5688132373954832,42.384776310850235,0.9558823529411765,13.818994330160086
423.94392523364485,635.171339563863,Stroma,0.946387767791748,321,366,0.9841960300436271,0.3404029692470838,321,49.34300816773781,8.737778038804429,-0.5174527733838109,101.74011537017762,0.8770491803278688,32.24626503282571
906.6210526315789,849.6315789473684,Lymphocyte,0.9453257322311401,95,98,0.6364890246507913,0.7196969696969697,95,12.528844616885348,9.66331942536495,1.1191766484448422,34.384776310850235,0.9693877551020408,12.445398336286395
472.5977011494253,826.4980842911878,Stroma,0.9412298798561096,261,318,0.9871516493208625,0.38666666666666666,261,48.08363117470962,7.683099433592088,-0.2297654335930138,101.35533905932738,0.8207547169811321,39.359788336518065
71.39047619047619,719.9460317460317,Stroma,0.9400100111961365,315,348,0.9769956123122092,0.40436456996148906,315,44.09739161860379,9.40418346779833,-0.4482940741930608,97.25483399593904,0.9051724137931034,30.02699281135765
793.7319587628866,410.2680412371134,Stroma,0.9396597146987915,97,107,0.9662119992959843,0.485,97,21.91856446700129,5.649480649604479,-0.4137616728741986,46.62741699796952,0.9065420560747663,22.413567174252954
356.96086956521737,829.3304347826087,Stroma,0.9362056851387024,230,239,0.9617671264498635,0.7986111111111112,230,33.28411498452414,9.115473025967768,-0.02091311996719518,70.97056274847715,0.9623430962343096,21.899220768850142
364.0533980582524,856.7669902912621,Stroma,0.9360966086387634,206,217,0.8935670008454772,0.639751552795031,206,25.281037986621172,11.349412725740356,-0.4264922021497688,61.21320343559643,0.9493087557603687,18.189593567221912
711.5779816513761,465.3256880733945,Stroma,0.9349833726882935,218,239,0.9738548056326468,0.5023041474654378,218,35.427191874473436,8.048042637212305,0.3239604405969091,74.2842712474619,0.9121338912133892,25.31262823287383
320.7158469945355,555.1366120218579,Stroma,0.9344623684883118,183,195,0.9502755434508066,0.43779904306220097,183,27.515054514590958,8.568472113077513,-0.7249107651761642,60.42640687119285,0.9384615384615385,19.952735777939576
324.86746987951807,490.76506024096386,Stroma,0.9313515424728394,166,179,0.9695348940303923,0.37727272727272726,166,29.791886234105856,7.297619026585095,-0.7048007933775129,62.42640687119285,0.9273743016759777,23.476242619564545
902.135,511.385,Stroma,0.9310219883918762,400,414,0.7221867072599499,0.6666666666666666,400,27.597984259158928,19.08947523718808,0.6058521930621094,77.01219330881975,0.966183574879227,14.827194795587552
950.4170616113744,505.4265402843602,Stroma,0.9300616979598999,211,220,0.6401470903472205,0.793233082706767,211,18.80120364004221,14.444069239522467,-0.012284594743495554,53.79898987322333,0.9590909090909091,13.717210006536426
693.375,398.34375,Stroma,0.9291809797286987,64,82,0.9882021076235459,0.5079365079365079,64,24.027431680091475,3.679932317113531,-0.15862724459813024,44.69238815542512,0.7804878048780488,31.209524359924746
952.8539042821159,398.46347607052894,Stroma,0.9290071129798889,397,411,0.839624622294951,0.720508166969147,397,30.69050435565329,16.670072110351164,-1.2252355057309734,77.35533905932738,0.9659367396593674,15.072666198950882
262.72,217.912,Stroma,0.9271774291992188,125,144,0.9777448928153928,0.38461538461538464,125,28.72330316051833,6.026072647168972,-0.4129402095614138,59.698484809834994,0.8680555555555556,28.511272708720796
729.7010869565217,135.39673913043478,Stroma,0.9256190657615662,184,198,0.9338634285624352,0.736,184,26.254226951709317,9.389294776131646,-1.544627558991718,59.79898987322333,0.9292929292929293,19.434343423140575
433.85925925925926,849.8,Stroma,0.9233783483505249,270,326,0.9893106358808719,0.3383458646616541,270,50.95711121079347,7.430739515900144,-0.3392535208369801,100.42640687119285,0.8282208588957055,37.35356739651248
101.5691056910569,43.51219512195122,Lymphocyte,0.9232842326164246,123,125,0.6312933305815114,0.7987012987012987,123,14.264051788596166,11.062401939844014,1.496968533122972,38.97056274847714,0.984,12.347193178317028
186.6918604651163,429.44767441860466,Tumor,0.9229403734207153,172,177,0.8424891402606723,0.7445887445887446,172,20.196024941222404,10.879867785550875,1.5082100918938122,50.04163056034262,0.9717514124293786,14.559097611266372
344.3606557377049,117.86065573770492,Stroma,0.9209918975830078,122,129,0.9332027442125441,0.7261904761904762,122,20.916629450060153,7.516397070315164,-0.0907254500977361,46.97056274847714,0.9457364341085271,18.083883318923185
362.9612676056338,473.61267605633805,Lymphocyte,0.9202146530151367,284,293,0.7388315727468849,0.7717391304347826,284,23.372683864905756,15.750620964718353,-0.09922048148089631,62.87005768508881,0.9692832764505119,13.917761103261952
501.5156794425087,821.1463414634146,Stroma,0.9189474582672119,287,357,0.9912932104282014,0.38266666666666665,287,55.53632455170483,7.312632781914131,-0.2080147776766815,114.76955262170047,0.803921568627451,45.89564532747482
102.59863945578232,601.7142857142857,Stroma,0.9182903170585632,147,164,0.9861468454382208,0.765625,147,34.05968247590343,5.649637881016208,-0.008504452173672577,67.89949493661166,0.8963414634146342,31.362866752700356
283.5657142857143,262.74285714285713,Stroma,0.9182246923446655,175,186,0.9752993971931297,0.8064516129032258,175,31.888060174541256,7.043659323972355,-0.04842148720187186,67.31370849898475,0.9408602150537635,25.892202010778814
514.2887931034483,547.2887931034483,Lymphocyte,0.9178556799888611,232,238,0.8203134896377331,0.8111888111888111,232,22.791056383142276,13.034527315144675,1.4463259963879633,57.21320343559642,0.9747899159663865,14.109270031736818
208.03629032258064,1017.9596774193549,Stroma,0.9168803691864014,248,256,0.8126322015034081,0.7085714285714285,248,24.205865962420788,14.106619317768365,-0.022911865946432505,63.4558441227157,0.96875,16.236468360187068
714.1538461538462,695.7384615384616,Stroma,0.915187418460846,260,281,0.9418994990046424,0.6770833333333334,260,31.97808704873524,10.741273967969997,-0.10284157400736132,74.04163056034263,0.9252669039145908,21.085242523208702
444.76190476190476,489.578231292517,Lymphocyte,0.9150688052177429,147,151,0.670706875807139,0.7538461538461538,147,15.98805646592407,11.858701424784067,-0.5427459351847888,43.21320343559643,0.9735099337748344,12.703271776641108
392.15822784810126,255.8259493670886,Stroma,0.9149160385131836,316,391,0.9888288978289991,0.6448979591836734,316,55.46026323169365,8.266632846255309,0.046030994465453744,108.38477631085024,0.8081841432225064,37.174872582129886
231.98265895953756,414.5491329479769,Tumor,0.9137484431266785,173,180,0.8122581694755722,0.6784313725490196,173,19.58027223579943,11.421135469371878,0.555411804051205,50.62741699796952,0.9611111111111111,14.815811282579729
546.2682926829268,459.9390243902439,Stroma,0.9130334258079529,82,89,0.959642763241496,0.4659090909090909,82,19.30377446369629,5.428644472271449,-0.5314289857484001,41.21320343559643,0.9213483146067416,20.713757773461673
558.0308641975308,323.3333333333333,Stroma,0.9118173122406006,162,215,0.9921349467472421,0.3776223776223776,162,44.26629611655257,5.54093933957758,-0.2120616970771811,84.24873734152916,0.7534883720930232,43.813887306431916
103.55319148936171,647.7234042553191,Stroma,0.9116244912147522,141,149,0.9462394858139549,0.5164835164835165,141,23.754679576263342,7.683852566366142,-0.5059870685218708,52.2842712474619,0.9463087248322147,19.3875533324693
736.2,314.4,Stroma,0.9114514589309692,120,136,0.9729349783509408,0.6857142857142857,120,26.514055351843158,6.1268427540398065,-0.09951510653654874,54.970562748477136,0.8823529411764706,25.181356407368853
808.9265306122448,85.41224489795918,Stroma,0.9105807542800903,245,348,0.9677759505680597,0.49796747967479676,245,44.499114568818335,11.205448692136159,0.009739779060895818,95.59797974644667,0.7040229885057471,37.30193359837562
486.74285714285713,471.36285714285714,Lymphocyte,0.910376787185669,350,358,0.6380523268944316,0.7675438596491229,350,24.090333412676713,18.54938822206842,0.26409745096631654,67.94112549695427,0.9776536312849162,13.188561525122543
555.65,559.8409090909091,Lymphocyte,0.9091780781745911,220,228,0.6670314757020233,0.7719298245614035,220,19.50587590469547,14.53245368646667,-0.17622120664748558,54.04163056034261,0.9649122807017544,13.27499015282071
53.58181818181818,216.66666666666666,Stroma,0.9089738726615906,330,344,0.7688917738832032,0.7236842105263158,330,26.03793164657428,16.648105362794677,-0.4575044439007844,70.2842712474619,0.9593023255813954,14.96932965086909
249.90967741935484,282.8322580645161,Stroma,0.9074112772941589,155,179,0.9927946403597449,0.5984555984555985,155,41.04199744771413,4.9179894590904345,0.1069676605383488,79.31370849898475,0.8659217877094972,40.58493132814146
1004.4152542372881,637.2669491525423,Stroma,0.9069811701774597,236,249,0.8893777318200846,0.5351473922902494,236,26.379493734987683,12.059995122832147,-0.7767067206264566,64.18376618407356,0.9477911646586346,17.45574509140604
203.75581395348837,648.2848837209302,Stroma,0.9064443111419678,172,183,0.92686936748916,0.5752508361204013,172,24.508033440983557,9.199924544275884,-0.4350217770589773,56.8700576850888,0.9398907103825137,18.803508494798418
433.2857142857143,765.0,Lymphocyte,0.9060335755348206,70,73,0.8534675833431417,0.7692307692307693,70,13.083397229324765,6.8183592646725515,-0.1956026585898833,30.72792206135785,0.958904109589041,13.488645631555464
494.0761904761905,561.0571428571428,Lymphocyte,0.9048827886581421,210,219,0.8505170318181249,0.7692307692307693,210,22.681690581326524,11.929378582755097,-0.2627388346064373,55.21320343559643,0.958904109589041,14.516656350574083
781.2333333333333,720.9666666666667,Stroma,0.9048503637313843,120,129,0.9234679646068409,0.7017543859649122,120,20.17851584917162,7.742002921456499,-0.16743254372927677,45.55634918610404,0.9302325581395349,17.294841259718687
310.04395604395603,452.46153846153845,Lymphocyte,0.9037179350852966,91,91,0.7810432863271365,0.875,91,13.601140555927328,8.493597941088598,-0.022059369495021453,33.31370849898476,1.0,12.195639274234388
514.2048192771084,264.7951807228916,Stroma,0.9031545519828796,83,88,0.8562607424350038,0.6916666666666667,83,14.40182725102761,7.4391751836423445,0.02348281060034821,35.55634918610404,0.9431818181818182,15.231975511375442
254.3388429752066,854.1735537190083,Stroma,0.9011502861976624,121,124,0.7645218271793016,0.8066666666666666,121,15.62199338556988,10.069903198088731,0.021434929794550306,40.14213562373095,0.9758064516129032,13.317281425074459
364.5255102040816,580.7295918367347,Stroma,0.9010186791419983,196,221,0.9833634689602672,0.3161290322580645,196,37.62682179823895,6.834867169664832,-0.4965632248542884,78.66904755831214,0.8868778280542986,31.57560736597948
373.54411764705884,668.5735294117648,Lymphocyte,0.8984493017196655,204,210,0.6014936911795181,0.75,204,18.244469418304835,14.575097025117826,1.0395492925645955,52.62741699796952,0.9714285714285714,13.576691273912601
385.33516483516485,579.2692307692307,Stroma,0.898415207862854,182,194,0.975245380662172,0.39651416122004357,182,32.52582467500693,7.192286357257243,-0.5193519257488047,68.18376618407356,0.9381443298969072,25.544098742002273
539.4449541284404,603.4908256880734,Lymphocyte,0.8983133435249329,218,220,0.7672506180290803,0.7785714285714286,218,20.793681839074075,13.335973810620583,-0.3210309914990723,53.45584412271572,0.990909090909091,13.107923260881103
697.128078817734,371.9408866995074,Stroma,0.8969115018844604,203,217,0.8719622440807965,0.6041666666666666,203,23.29609091696997,11.405140034676265,-0.5646083546597299,58.2842712474619,0.9354838709677419,16.734267363781843
189.93859649122808,703.0438596491229,Lymphocyte,0.8962711691856384,114,115,0.6584761319595647,0.7972027972027972,114,13.877416242318594,10.444165809052121,-0.43483679205696596,36.970562748477136,0.991304347826087,11.989671139816537
414.25,521.8879310344828,Lymphocyte,0.8956936597824097,232,243,0.7391032502947414,0.6783625730994152,232,21.160607697451425,14.25361924777452,0.9054717187749207,57.112698372208094,0.9547325102880658,14.059742738598366
1017.6346153846154,473.8269230769231,Lymphocyte,0.8953641057014465,52,55,0.8368761542478343,0.7428571428571429,52,11.004489171983252,6.023772360267171,-0.3449215489804121,25.899494936611664,0.9454545454545454,12.899689191761023
986.5298507462686,18.15671641791045,Lymphocyte,0.8942630887031555,268,276,0.8800652246714151,0.6473429951690821,268,26.88978890839989,12.76869208279115,1.0351233345506279,65.11269837220809,0.9710144927536232,15.819639885485634
848.1076233183857,534.6681614349776,Stroma,0.8932536840438843,223,239,0.9144597570998213,0.5465686274509803,223,26.835682750619743,10.859779553803476,-0.5141046661339601,62.18376618407356,0.9330543933054394,17.3400034835674
420.7894736842105,562.9824561403509,Lymphocyte,0.8929402232170105,57,59,0.7802419056073925,0.7402597402597403,57,10.784683173352924,6.745580684674344,0.3194553973359349,26.72792206135785,0.9661016949152542,12.533014345930171
774.1045454545455,128.52727272727273,Stroma,0.8924625515937805,220,244,0.9403258884705227,0.7407407407407407,220,29.535321608469676,10.05013797676594,-1.4850579915514415,66.38477631085023,0.9016393442622951,20.03153875382555
372.2610837438424,490.7241379310345,Lymphocyte,0.8919931054115295,203,211,0.8008665819380963,0.7435897435897436,203,20.83640229105076,12.477729817366294,0.15217764557564348,54.04163056034261,0.9620853080568721,14.386688835569243
353.09939759036143,425.92469879518075,Lymphocyte,0.8917102217674255,332,339,0.8131672606314552,0.7377777777777778,332,27.09035372506132,15.767400564588735,-0.3873047283358766,69.11269837220809,0.9793510324483776,14.387244205686187
101.71910112359551,562.0786516853933,Lymphocyte,0.8915497660636902,89,93,0.7301390726921944,0.7606837606837606,89,12.874254744975994,8.796959845415165,0.2740048626994428,33.55634918610404,0.956989247311828,12.65200641235669
261.18978102189783,381.1240875912409,Stroma,0.8910736441612244,137,149,0.9578117203347729,0.4241486068111455,137,25.005117761245153,7.186381594260632,-0.78476952453192,53.94112549695428,0.9194630872483222,21.238284816628983
494.71232876712327,371.93150684931504,Lymphocyte,0.8908369541168213,73,76,0.5311531194149821,0.7373737373737373,73,10.605775962238647,8.98601782918626,1.0768540898679824,30.142135623730947,0.9605263157894737,12.445867670676579
602.0,841.6567164179105,Stroma,0.8902769684791565,134,136,0.8950413327080236,0.67,134,19.64298336912498,8.760440537830402,-0.3612948777908962,46.62741699796952,0.9852941176470589,16.224746387332363
51.03164556962025,454.5,Karyorrhexis,0.8900566697120667,158,170,0.8813047966660095,0.5984848484848485,158,21.112075977806647,9.97647470897936,-0.2719398448394426,52.284271247461895,0.9294117647058824,17.3015507587226
448.35227272727275,684.7272727272727,Lymphocyte,0.8872051239013672,176,184,0.7630673940677988,0.676923076923077,176,18.678812378192053,12.072469926397437,0.04080752789847206,49.698484809834994,0.9565217391304348,14.033746547689772
842.496062992126,15.590551181102363,Stroma,0.8871468901634216,127,149,0.9776332228143473,0.6978021978021978,127,29.016101332854166,6.102582223356832,-0.05471721998893178,58.142135623730944,0.8523489932885906,26.618172715656083
451.42857142857144,514.6071428571429,Lymphocyte,0.8855814337730408,224,229,0.6109604311931257,0.7859649122807018,224,19.132199166492832,15.14621849325725,-0.13315877495204495,54.62741699796952,0.9781659388646288,13.322119142277005
372.69354838709677,454.18145161290323,Lymphocyte,0.8854659795761108,248,256,0.8442567205737597,0.7045454545454546,248,24.402955154972524,13.078494882962314,-0.3862344057641036,60.87005768508881,0.96875,14.940177107201771
472.6449864498645,732.5962059620596,Stroma,0.8847290277481079,369,403,0.9899279998833107,0.6473684210526316,369,58.552953845964694,8.289443037069622,0.08296378635521429,120.00609665440987,0.9156327543424317,39.02835564831319
624.3695652173913,362.34420289855075,Stroma,0.8844476342201233,276,299,0.7929004836088838,0.7379679144385026,276,24.463431374814995,14.906820022852111,-0.2264339681031929,65.21320343559643,0.9230769230769231,15.408557617146688
170.1851851851852,351.81481481481484,Stroma,0.8842938542366028,81,90,0.9720063551152058,0.5785714285714286,81,21.011747133128228,4.936805818183873,-0.2374478907332377,43.520815280171306,0.9,23.383473612972743
516.61875,591.69375,Lymphocyte,0.8839863538742065,160,163,0.8829154644599394,0.7272727272727273,160,20.89342238016154,9.810130031970274,-0.287497728609287,49.21320343559643,0.9815950920245399,15.137121202458749
184.8735632183908,510.6551724137931,Stroma,0.8830996751785278,261,290,0.9141530731457228,0.5494736842105263,261,29.824032833933096,12.089743247294757,0.5193394541726833,71.94112549695429,0.9,19.829599761565234
422.3398058252427,451.19741100323625,Lymphocyte,0.8820512294769287,309,318,0.7927331671590022,0.7463768115942029,309,25.49564312750726,15.541348664940779,-0.49167811246864374,66.28427124746192,0.9716981132075472,14.218785161188046
803.170731707317,794.8432055749129,Stroma,0.8820430040359497,287,300,0.7514138149682313,0.767379679144385,287,23.77420389940272,15.686962680270687,-1.1706820657887282,64.62741699796952,0.9566666666666667,14.552972222402229
259.90555555555557,651.3111111111111,Lymphocyte,0.8814011216163635,180,184,0.6914173320181108,0.7058823529411765,180,17.88687986624717,12.922476266102132,0.9694497352119208,48.2842712474619,0.9782608695652174,12.952060277213755
292.92452830188677,674.3207547169811,Lymphocyte,0.881035327911377,53,54,0.6895867806991003,0.7361111111111112,53,9.741852027693522,7.055079046987243,0.7715128451007377,25.31370849898476,0.9814814814814815,12.090261093803269
387.4130434782609,675.945652173913,Lymphocyte,0.8794015645980835,92,96,0.6872645016490035,0.7666666666666667,92,12.763695132479823,9.271640785751293,-1.0753283377954392,34.14213562373095,0.9583333333333334,12.670493749448239
327.40851063829786,524.6042553191489,Stroma,0.8785831332206726,235,246,0.9256689431342336,0.7912457912457912,235,28.243304431428022,10.685416976497827,0.060914469553303964,63.79898987322333,0.9552845528455285,17.32047280359001
644.5576923076923,486.0,Lymphocyte,0.877270519733429,52,54,0.6782915407631401,0.7222222222222222,52,9.491046018374378,6.973953097667121,1.0211169149713781,24.727922061357855,0.9629629629629629,11.759040951395933
243.70526315789473,717.1052631578947,Stroma,0.8766664266586304,190,200,0.870787622862816,0.6597222222222222,190,22.521788097233756,11.07304768358841,0.10882026656870508,56.284271247461895,0.95,16.673258893988766
887.2941176470588,398.1818181818182,Stroma,0.874468982219696,187,201,0.92357351879893,0.5081521739130435,187,25.853823047587202,9.912908535869503,-0.5059868157985028,60.52691193458118,0.9303482587064676,19.590946889500245
76.15454545454546,442.08181818181816,Karyorrhexis,0.8741925954818726,110,117,0.8545457489305738,0.6111111111111112,110,16.809578960204934,8.730494044154419,-0.8940667402214983,41.21320343559643,0.9401709401709402,15.441164885671428
516.2611464968153,644.671974522293,Lymphocyte,0.873297929763794,314,320,0.642924888811142,0.839572192513369,314,23.00825009026259,17.622691305003304,0.08708888581756256,64.62741699796952,0.98125,13.301601999456814
280.15107913669067,657.6330935251799,Lymphocyte,0.8729924559593201,139,146,0.7051507492182169,0.7722222222222223,139,15.826648173982084,11.222002277072512,-0.4253551874396774,42.97056274847714,0.952054794520548,13.283951531804398
341.00411522633743,441.43621399176953,Stroma,0.8722618222236633,243,280,0.9513493879323475,0.4090909090909091,243,33.720523515001595,10.389771132626946,-0.5869711032342546,77.01219330881975,0.8678571428571429,24.406905013312844
426.4308300395257,499.75889328063244,Lymphocyte,0.8721280097961426,253,262,0.41589930527443636,0.7808641975308642,253,18.874873536293446,17.165011400868654,0.6589824170145869,58.04163056034261,0.9656488549618321,13.315537067601966
687.8404255319149,606.6755319148937,Stroma,0.8717387914657593,188,196,0.9574401829204868,0.8392857142857143,188,28.838960123427665,8.323839979282823,-0.03186571166526015,62.142135623730944,0.9591836734693877,20.54066499935197
2.4318181818181817,645.5681818181819,Stroma,0.8713435530662537,44,45,0.6453913743209443,0.7857142857142857,44,8.593708504095085,6.564321968564189,-1.2944584161078156,22.48528137423857,0.9777777777777777,11.490633601788183
395.37125748502996,567.6826347305389,Lymphocyte,0.8709455728530884,167,175,0.8744786191831138,0.759090909090909,167,20.965276582986576,10.169502227810058,-0.15038513158767694,49.798989873223334,0.9542857142857143,14.849936481397608
246.54237288135593,912.8220338983051,Stroma,0.8704806566238403,118,124,0.9745952835948076,0.36875,118,25.997412729564477,5.822725977032692,-0.6785531905063641,52.76955262170047,0.9516129032258065,23.598522744867925
500.0474308300395,442.55335968379444,Stroma,0.8694359660148621,253,261,0.6196620382709894,0.7808641975308642,253,20.372836845582505,15.990003035659539,-0.8368961453825384,58.04163056034262,0.9693486590038314,13.31553706760197
451.85483870967744,624.1854838709677,Stroma,0.8684927225112915,124,130,0.9664141059676626,0.41333333333333333,124,24.98176842433868,6.420060569360321,-0.560176493053957,53.112698372208094,0.9538461538461539,22.749667164331903
240.9433962264151,815.311320754717,Stroma,0.8651536107063293,106,115,0.9520939361504442,0.6625,106,21.194776749182246,6.481483907219339,0.2181951691107646,45.55634918610404,0.9217391304347826,19.579065577040023
495.51020408163265,400.4353741496599,Lymphocyte,0.8648255467414856,147,153,0.8479076841932907,0.65625,147,18.851897607672022,9.994218597986205,-0.6538319182135862,46.04163056034261,0.9607843137254902,14.420624113299827
129.6219512195122,862.9959349593496,Stroma,0.864324688911438,246,274,0.8418792606835789,0.6212121212121212,246,24.988749334359277,13.485576520063086,-0.6604470059185513,66.87005768508881,0.8978102189781022,18.177254531736196
454.0263157894737,473.140350877193,Lymphocyte,0.8641112446784973,114,118,0.8550223877502097,0.7450980392156863,114,16.756803403696814,8.689928906795021,-0.050392611495283596,40.970562748477136,0.9661016949152542,14.724447473043002
597.0360360360361,444.9549549549549,Lymphocyte,0.8631920218467712,111,117,0.5630193078091345,0.7762237762237763,111,13.122645492371474,10.845128248379343,-1.4692805713322692,37.556349186104036,0.9487179487179487,12.707021298996192
638.9811320754717,524.3207547169811,Lymphocyte,0.8631631731987,106,110,0.642477440256977,0.7412587412587412,106,13.296410878568345,10.189100809149894,0.38235002161183174,36.38477631085023,0.9636363636363636,12.489169313118943
859.7397260273973,605.5479452054794,Stroma,0.8630082607269287,365,414,0.9189012596213464,0.5821371610845295,365,35.849411920439174,14.142148856697892,-0.3051082590489094,87.84062043356595,0.8816425120772947,21.139656433298093
136.95696721311475,646.8217213114754,Stroma,0.8629575967788696,488,574,0.9847393616577913,0.27885714285714286,488,63.242635410328525,11.00646991462912,-0.562223317234034,132.8528137423857,0.8501742160278746,36.16776663784637
451.9485294117647,376.1764705882353,Lymphocyte,0.8624151945114136,136,140,0.8207687037601841,0.8,136,17.418150533426193,9.950304067014564,-0.04914216756397763,42.97056274847714,0.9714285714285714,13.57697987441773
692.1786833855799,256.2257053291536,Stroma,0.8623003363609314,319,353,0.8922011739502658,0.55,319,31.3105120034551,14.141023334401371,-0.41513950252690573,77.01219330881976,0.9036827195467422,18.592093787570608
602.0672268907563,748.0252100840336,Stroma,0.8600546717643738,119,124,0.9403042819474259,0.8095238095238095,119,21.269506026675923,7.238755618901942,-0.020106080366119702,46.31370849898476,0.9596774193548387,18.024870545621287
922.5927051671732,52.319148936170215,Stroma,0.8600531816482544,329,376,0.9921517396461537,0.2600790513833992,329,58.227068024946874,7.280694871152254,0.406675791708892,124.9827560572969,0.875,47.47929881968931
361.91911764705884,964.3602941176471,Stroma,0.8600075244903564,136,144,0.9829707136469408,0.2943722943722944,136,31.26523523025796,5.745370958425902,-0.7902084286358309,61.49747468305833,0.9444444444444444,27.808377885245587
685.384858044164,712.198738170347,Tumor,0.8597474098205566,317,335,0.9175281829535299,0.7304147465437788,317,31.932610594829352,12.698665529129485,0.12903072109495062,74.87005768508881,0.9462686567164179,17.683045860468535
13.013157894736842,666.6052631578947,Lymphocyte,0.8596091866493225,76,77,0.3613763050993173,0.76,76,10.2182144323586,9.52766810218051,0.9518947906344274,29.556349186104043,0.987012987012987,11.494444436985699
358.7257525083612,509.190635451505,Lymphocyte,0.8592464327812195,299,308,0.818474477141889,0.7666666666666667,299,25.808061570421856,14.827838230955754,0.09524382244401094,65.698484809835,0.9707792207792207,14.435755539492039
83.11851851851851,570.7481481481482,Lymphocyte,0.8591461181640625,135,141,0.697644226002907,0.703125,135,15.725560862231562,11.26648952969421,0.020655492463075496,42.62741699796952,0.9574468085106383,13.459975406805782
88.29223744292237,43.78082191780822,Stroma,0.8566827178001404,219,233,0.9017187006192161,0.7604166666666666,219,25.604770080052095,11.069537193318647,-1.5374637473853394,60.384776310850235,0.9399141630901288,16.64986853932155
236.22383720930233,257.82848837209303,Stroma,0.855672299861908,344,481,0.9966741010180279,0.40613931523022434,344,78.53485186156433,6.399861099885826,-0.08183898727936109,150.62741699796953,0.7151767151767152,65.9552870682564
60.730593607305934,636.3470319634703,Stroma,0.8537325859069824,219,248,0.9763675149678953,0.3775862068965517,219,36.75712042756037,7.943831624417664,-0.5457606704193831,75.84062043356596,0.8830645161290323,26.263925606156267
574.27,449.585,Lymphocyte,0.8535502552986145,200,211,0.9213802977404102,0.6211180124223602,200,25.665758510300126,9.975311528516672,-0.39492223114878255,58.8700576850888,0.9478672985781991,17.328418459228416
603.5118644067796,423.8813559322034,Stroma,0.8534231185913086,295,299,0.7373010479443376,0.7682291666666666,295,23.630742414363784,15.964086679361737,1.5412833721129995,63.11269837220809,0.9866220735785953,13.502415918038363
540.7464788732394,584.5352112676056,Lymphocyte,0.8525394797325134,71,74,0.6292508768708533,0.7171717171717171,71,10.896234909737474,8.468578264207743,-0.18971408493118466,29.556349186104043,0.9594594594594594,12.303912355083284
401.58024691358025,545.9320987654321,Lymphocyte,0.8524381518363953,162,177,0.8480249953664964,0.6428571428571429,162,20.21523451832706,10.713189502847568,1.1163401349676145,50.04163056034261,0.9152542372881356,15.457807340356887
780.4451219512196,449.1432926829268,Stroma,0.8516631126403809,328,359,0.9137659299684335,0.5206349206349207,328,32.79414446121546,13.322329073257784,-1.0552342809955169,77.49747468305833,0.9136490250696379,18.31054445808313
129.01388888888889,574.8888888888889,Lymphocyte,0.8510132431983948,72,74,0.8444752683640163,0.7912087912087912,72,13.062541245630483,6.996225889722939,0.15378853124145364,30.727922061357855,0.972972972972973,13.113961030678928
613.8167539267016,553.1047120418848,Lymphocyte,0.849612832069397,191,202,0.8784852250040046,0.5584795321637427,191,22.866297267608118,10.924819755063785,-0.7506304106297824,55.35533905932738,0.9455445544554455,16.043002944361753
476.95327102803736,783.5140186915888,Stroma,0.8482663035392761,107,124,0.9856334823532288,0.6604938271604939,107,28.76560563619765,4.858462122165703,-0.08062941375007994,56.69238815542512,0.8629032258064516,30.037634343601745
567.05476673428,760.4097363083164,Stroma,0.8482427597045898,493,598,0.9894915532202816,0.5576923076923077,493,70.42898705218244,10.183375461503557,0.09797850153904152,146.1126983722081,0.8244147157190636,43.30409863206463
97.53521126760563,535.0845070422536,Lymphocyte,0.8457291126251221,71,72,0.5118184257557009,0.71,71,10.29325894990464,8.842873399192362,0.8910486622144814,28.97056274847714,0.9861111111111112,11.821035295259877
598.5625,23.125,Lymphocyte,0.8442846536636353,80,88,0.8824779223523207,0.5714285714285714,80,15.057485715063654,7.082345934833596,-0.4367328342994079,35.798989873223334,0.9090909090909091,16.019595949289336
80.57058823529412,750.5823529411765,Stroma,0.8436147570610046,510,584,0.9562386029074557,0.5795454545454546,510,50.38278037376242,14.741396648301443,-0.06407329588357162,122.35533905932739,0.8732876712328768,29.354566659456797
401.87179487179486,506.7564102564103,Lymphocyte,0.8428369760513306,156,171,0.4736682585941524,0.6933333333333334,156,15.287729940404585,13.463954886477529,0.8238783495869715,47.45584412271571,0.9122807017543859,14.436263726919815
104.29411764705883,614.5882352941177,Lymphocyte,0.8416999578475952,85,85,0.6627123475763256,0.7870370370370371,85,12.150877171953523,9.099476611846317,-0.33254343951262144,32.72792206135786,1.0,12.601375087697818
919.0548780487804,144.6829268292683,Stroma,0.841479480266571,164,187,0.9364363223661686,0.5734265734265734,164,25.687649419664222,9.012193000381457,0.16343144643909324,60.04163056034261,0.8770053475935828,21.981691465516267
275.2857142857143,48.5,Lymphocyte,0.8405197262763977,56,59,0.6660875664224356,0.7,56,9.858689529319001,7.353335765959887,-1.4503730991741908,26.14213562373095,0.9491525423728814,12.203772410170407
490.7889039242219,755.2936400541272,Stroma,0.8400515913963318,739,832,0.9885640291062002,0.7382617382617382,739,81.36308757343147,12.269693982849502,0.02972641876165183,166.52691193458116,0.8882211538461539,37.525321242852165
509.3557692307692,354.36538461538464,Lymphocyte,0.837325394153595,104,108,0.8237126654216516,0.7703703703703704,104,15.350066237070848,8.703601866609528,0.2159744670080906,38.14213562373095,0.9629629629629629,13.988677980183516
235.05376344086022,509.38709677419354,Stroma,0.836639940738678,93,98,0.9566088385630538,0.6642857142857143,93,20.3941677831524,5.94235551484768,0.2040216207470514,44.142135623730944,0.9489795918367347,20.9519154561705
901.8058252427185,817.6407766990292,Lymphocyte,0.8360370993614197,103,105,0.40700101450076037,0.7803030303030303,103,12.011929661077813,10.972029355654746,-1.104208243351919,35.55634918610404,0.9809523809523809,12.27431036353555
861.5210727969348,934.5134099616859,Stroma,0.835854709148407,261,335,0.9652977881392475,0.4264705882352941,261,39.60950927167902,10.344088392255472,0.28317904673615385,86.18376618407358,0.7791044776119403,28.458396757360397
915.1305970149253,32.309701492537314,Stroma,0.8352459669113159,268,324,0.9871726635234299,0.34403080872913994,268,48.6888216035318,7.773476843625466,0.36059346314701773,99.01219330881976,0.8271604938271605,36.57990456650408
552.3277310924369,449.8697478991597,Stroma,0.8343631625175476,238,266,0.969687094003843,0.36728395061728397,238,36.225182030802046,8.851624505845848,-0.7222628258083459,77.49747468305831,0.8947368421052632,25.23469992542548
668.6979865771812,649.1677852348994,Stroma,0.8335396647453308,149,160,0.9705599516650616,0.7883597883597884,149,28.1656331915009,6.7839650919557855,0.06810030482890309,58.72792206135786,0.93125,23.14744180969747
892.96,52.432,Stroma,0.8333089351654053,125,136,0.9222971044337342,0.625,125,20.597182510166537,7.960432691938919,0.2775100183169245,47.79898987322333,0.9191176470588235,18.27794746320405
23.128712871287128,642.4653465346535,Stroma,0.8311113715171814,101,105,0.925421963116969,0.5260416666666666,101,18.439150573221823,6.987299276173508,-0.6316893215997827,40.87005768508881,0.9619047619047619,16.538233813687988
336.0126582278481,649.5316455696203,Stroma,0.8303571939468384,79,82,0.8689708083475197,0.6076923076923076,79,14.298470787100243,7.075789140097354,-0.6326104160990402,33.21320343559643,0.9634146341463414,13.963504841193851
1019.1,461.62,Stroma,0.8296605348587036,50,55,0.8308781180513783,0.6493506493506493,50,11.100298002781948,6.176810200211359,-0.20057871879860958,27.899494936611667,0.9090909090909091,15.567636354360403
647.296052631579,547.4901315789474,Lymphocyte,0.8282037973403931,304,312,0.724370270826605,0.8260869565217391,304,23.729254589321453,16.359212299211702,1.5613345160588488,64.04163056034261,0.9743589743589743,13.491218568511211
686.3461538461538,661.4769230769231,Stroma,0.8276135325431824,130,143,0.9684966207574415,0.6018518518518519,130,26.090638165575385,6.497265432563679,-0.17953918069690197,57.79898987322333,0.9090909090909091,25.69787100280748
420.40277777777777,544.7083333333334,Lymphocyte,0.8271217346191406,72,73,0.4500940730836539,0.8,72,10.192000252131368,9.101264055270786,-0.03655239179405873,29.31370849898476,0.9863013698630136,11.934632027270158
479.4068441064639,311.3954372623574,Stroma,0.8269776105880737,263,327,0.9210035522276941,0.5668103448275862,263,32.6794933577972,12.73043313834005,-0.36173627986964946,94.01219330881975,0.8042813455657493,33.60567486971441
854.7789473684211,677.021052631579,Stroma,0.826156497001648,95,104,0.9395408773698812,0.5864197530864198,95,19.045694002631507,6.521945889477545,-0.2821730610852731,42.384776310850235,0.9134615384615384,18.910202767587485
201.52216748768473,293.2512315270936,Stroma,0.8251953721046448,203,221,0.9495340870184068,0.6363636363636364,203,29.065329173295638,9.116743364760117,0.18859468280318772,65.45584412271572,0.918552036199095,21.105751378410137
658.6076923076923,383.4923076923077,Lymphocyte,0.8236813545227051,130,132,0.8957110179845574,0.9027777777777778,130,19.317729184606417,8.58937086246294,-0.035426972637470376,43.89949493661166,0.9848484848484849,14.824351197612252
300.13592233009706,633.2038834951456,Stroma,0.8226982951164246,103,117,0.9463290127145603,0.544973544973545,103,21.184438469284473,6.846914065023169,-0.19680987214944665,47.79898987322333,0.8803418803418803,22.181975076703946
883.4711538461538,816.900641025641,Stroma,0.8226315379142761,312,324,0.7775427753543235,0.78,312,25.656476848593872,16.133563634035635,0.18200092838789167,68.87005768508881,0.9629629629629629,15.202195017780323
722.469387755102,789.8877551020408,Stroma,0.8223956823348999,98,104,0.841988660995121,0.6805555555555556,98,15.558409995928868,8.393687857529764,-1.4515432912402684,38.384776310850235,0.9423076923076923,15.034602575857239
720.0,784.0,Stroma,0.8209636807441711,1,1,0.0,1.0,1,0.0,0.0,0.7853981633974483,0.0,1.0,0.0
381.65,540.675,Lymphocyte,0.8200913667678833,160,163,0.836926371775943,0.7655502392344498,160,19.31353194386721,10.570595245927295,1.3689359164208266,47.21320343559643,0.9815950920245399,13.93179111656884
303.5700934579439,677.1028037383178,Stroma,0.8199756741523743,107,125,0.921840758520676,0.49537037037037035,107,19.58382378515684,7.590080124654862,-0.3831446366827891,46.00609665440988,0.856,19.780943265186018
977.133064516129,663.2903225806451,Stroma,0.8197031617164612,248,276,0.8976987469949507,0.5299145299145299,248,27.78553236156418,12.24257671491917,-0.596147423854669,70.42640687119285,0.8985507246376812,19.99951122897903
77.6116504854369,316.56796116504853,Karyorrhexis,0.8184038400650024,206,209,0.5135668645397,0.8583333333333333,206,17.641941142876075,15.13766012540925,-0.8669478460669872,52.14213562373095,0.9856459330143541,13.198069453415302
577.3061224489796,483.0816326530612,Stroma,0.8179411292076111,196,208,0.9488905113517552,0.4803921568627451,196,28.436331851563768,8.974661193091396,-0.5005334236543693,63.35533905932737,0.9423076923076923,20.479076465930266
340.42105263157896,336.63157894736844,Lymphocyte,0.8169480562210083,38,39,0.7953037071652487,0.7916666666666666,38,8.914648503416004,5.404159725392201,0.3683737224338628,21.071067811865476,0.9743589743589743,11.683944703479824
256.2826086956522,673.0869565217391,Stroma,0.815348207950592,92,98,0.9563336739947352,0.416289592760181,92,20.37885798478666,5.956273540971413,-0.9109487058362883,44.2842712474619,0.9387755102040817,21.31626825998675
141.02083333333334,461.375,Lymphocyte,0.8120575547218323,48,49,0.5399890565641364,0.8571428571428571,48,8.49920694283702,7.153544825123641,1.3346228826845603,23.071067811865476,0.9795918367346939,11.089045207910317
338.3959390862944,368.6243654822335,Stroma,0.8101301193237305,197,219,0.9332863733219253,0.6632996632996633,197,26.94644238065842,9.677357955128468,0.165409104591755,62.62741699796952,0.8995433789954338,19.909610963642443
546.5958429561201,728.1986143187067,Stroma,0.8084819316864014,433,542,0.994620797977905,0.2852437417654809,433,77.63127538332955,8.04129176762383,0.264917523503481,155.1543289325507,0.7988929889298892,55.59553299424974
269.4736842105263,670.3815789473684,Lymphocyte,0.8083858489990234,76,80,0.5631153771143834,0.6909090909090909,76,10.986539189842098,9.079037427997719,0.11507291041408008,31.556349186104043,0.95,13.102673341517491
551.6333333333333,697.5166666666667,Lymphocyte,0.80747389793396,60,61,0.4694990628507465,0.7407407407407407,60,9.362110215306062,8.266115780355348,0.8759524591556878,26.727922061357855,0.9836065573770492,11.906363628633667
505.41843971631204,712.1205673758865,Stroma,0.8071479797363281,141,147,0.9638084430806474,0.8057142857142857,141,25.98086389068394,6.926387462297444,-0.08747268172136068,54.72792206135785,0.9591836734693877,21.242166334425953
968.8421052631579,513.421052631579,Lymphocyte,0.8055957555770874,38,38,0.6038894638829356,0.7916666666666666,38,7.767261489559959,6.191036159738705,0.0666751270857762,20.485281374238568,1.0,11.043335604782252
863.457627118644,883.7118644067797,Stroma,0.8042954206466675,59,64,0.9058591307728606,0.6483516483516484,59,13.56898014229341,5.747536096088555,0.3174669615903093,30.727922061357855,0.921875,16.003477867947165
993.2234042553191,500.531914893617,Lymphocyte,0.8042218685150146,188,206,0.6299088750067756,0.6911764705882353,188,18.248937438254238,14.173384856213197,0.7416072643609473,53.21320343559643,0.912621359223301,15.061941595096656
272.58490566037733,252.33962264150944,Stroma,0.8017847537994385,53,54,0.9656763314672859,0.828125,53,16.084097762369385,4.177818397330661,-0.009350442437895226,32.48528137423857,0.9814814814814815,19.911198225725496
595.9370078740158,467.90551181102364,Lymphocyte,0.7983219027519226,127,132,0.8575037850903525,0.6047619047619047,127,17.871987399207615,9.194738185769744,-0.7055006519423381,43.45584412271571,0.9621212121212122,14.86937313714776
139.4,761.5545454545454,Stroma,0.7981132864952087,220,256,0.9639568435211872,0.3942652329749104,220,34.71657288491308,9.236644422319662,-0.4875374030253943,77.01219330881975,0.859375,26.958535991977367
428.8918918918919,735.8756756756757,Stroma,0.7974070906639099,370,427,0.9758520072284226,0.6292517006802721,370,48.76428301579149,10.651715739444093,0.11458392343157911,108.21320343559643,0.8665105386416861,31.648911885929127
237.8679245283019,522.3018867924528,Lymphocyte,0.7969840168952942,53,60,0.9269836899332403,0.6309523809523809,53,13.603506631395309,5.102697615763773,-0.0745299900455738,30.727922061357855,0.8833333333333333,17.815192343563826
542.4607843137255,570.7843137254902,Lymphocyte,0.796667218208313,102,107,0.814440515994594,0.6538461538461539,102,15.160647793796329,8.796921248224747,-0.9250308629804173,38.384776310850235,0.9532710280373832,14.445010317980485
295.54655870445345,398.91902834008096,Stroma,0.7960560917854309,247,325,0.8363269191550912,0.5369565217391304,247,27.650006281674475,15.158591979144724,-1.101880049002112,83.84062043356595,0.76,28.45850054528452
268.6092715231788,841.7284768211921,Stroma,0.7959346771240234,151,167,0.8981613989349416,0.6239669421487604,151,21.292571104611586,9.361617385729884,0.2018760178851832,52.041630560342625,0.9041916167664671,17.93596894953104
348.0878378378378,733.2027027027027,Stroma,0.7949281334877014,148,158,0.9437868771388646,0.6727272727272727,148,24.08432862734947,7.96118514060732,-0.28025493832094944,52.970562748477136,0.9367088607594937,18.958652147907795
429.73949579831935,404.91316526610643,Lymphocyte,0.79341059923172,357,369,0.6730888049354898,0.7055335968379447,357,24.956132835665507,18.45659922501242,-0.7027070856098084,70.18376618407356,0.967479674796748,13.79764996017005
197.096,321.616,Stroma,0.7931839823722839,125,139,0.9653514180307033,0.6868131868131868,125,26.31504473462798,6.866998515693059,-0.015197489917351134,56.970562748477136,0.8992805755395683,25.965160159025366
707.27,450.1,Lymphocyte,0.7915371656417847,100,108,0.5492827301673316,0.6493506493506493,100,12.63577707306619,10.558917452076939,0.14379890597375913,37.79898987322333,0.9259259259259259,14.287636354360398
269.20588235294116,725.5588235294117,Lymphocyte,0.7889903783798218,68,72,0.7677017554473928,0.7083333333333334,68,11.722789303915018,7.512049135641517,-1.3447808822212755,30.142135623730947,0.9444444444444444,13.361004999402796
563.4367816091954,607.8505747126437,Lymphocyte,0.7885109782218933,87,92,0.9203800615336817,0.6796875,87,16.94712973833701,6.626751226206677,-0.22918151318542174,38.142135623730944,0.9456521739130435,16.722097815391784
22.21875,811.5,Lymphocyte,0.7871503233909607,32,33,0.7478073497308914,0.6666666666666666,32,7.847773924854704,5.210260974689329,-0.4623773095834826,19.313708498984763,0.9696969696969697,11.656854249492383
230.15591397849462,475.36021505376345,Stroma,0.7842486500740051,186,220,0.9870898633661533,0.3974358974358974,186,39.51712615388502,6.3293560444673584,-0.27466356791492047,81.1126983722081,0.8454545454545455,35.37241847968178
344.3384030418251,697.1292775665399,Stroma,0.7808041572570801,263,316,0.9693028875487428,0.5977272727272728,263,39.367241753184366,9.679212144769862,-0.03518722038522073,89.698484809835,0.8322784810126582,30.592464552015965
869.6288659793814,379.3298969072165,Stroma,0.7782323956489563,97,104,0.8661284721390596,0.6466666666666666,97,15.868968755722197,7.931650780929705,0.42886480279650624,37.798989873223334,0.9326923076923077,14.729522014804537
31.86934673366834,488.321608040201,Stroma,0.7757623195648193,199,204,0.8367997812122262,0.7896825396825397,199,21.516336045415827,11.780388046139434,0.12368998943736667,53.21320343559642,0.9754901960784313,14.229371959186786
372.1034482758621,708.7068965517242,Stroma,0.7755997180938721,116,133,0.965672944936735,0.7204968944099379,116,25.174585654195045,6.5393748800720966,-0.05719184780490702,52.72792206135785,0.8721804511278195,23.967532456108863
114.21052631578948,570.7368421052631,Lymphocyte,0.7737556099891663,38,39,0.6792964138710023,0.7916666666666666,38,8.132716327609122,5.968307799353645,0.19672531896446774,20.48528137423857,0.9743589743589743,11.043335604782257
125.73776223776224,478.2062937062937,Stroma,0.7730638384819031,286,334,0.9851226802435412,0.3404761904761905,286,47.6431255950494,8.187593445235517,-1.1323352485686287,100.08326112068524,0.8562874251497006,35.023283764165264
82.37037037037037,533.8974358974359,Stroma,0.7726120948791504,351,411,0.8031654198615688,0.5959252971137521,351,28.411981732172617,16.92661089712055,0.2686787035250276,83.59797974644665,0.8540145985401459,19.91060460879574
938.4833333333333,783.1083333333333,Stroma,0.7725597023963928,120,135,0.9179985911898358,0.5128205128205128,120,20.234018099116465,8.024480627579893,-0.628574549131641,48.04163056034262,0.8888888888888888,19.233318890803716
206.3768115942029,556.6086956521739,Lymphocyte,0.772262454032898,69,72,0.8851452658407527,0.6634615384615384,69,13.7276052208454,6.387657807907247,0.4337711426824092,31.556349186104043,0.9583333333333334,14.431930057323612
306.65384615384613,646.6730769230769,Lymphocyte,0.7722146511077881,52,53,0.8814108633992723,0.6753246753246753,52,11.881957336694533,5.612447168727022,0.38817854718471584,26.727922061357855,0.9811320754716981,13.738111879192692
177.77678571428572,984.1071428571429,Lymphocyte,0.771710216999054,112,115,0.8896501460209515,0.7777777777777778,112,17.766018551362254,8.112723889932695,-0.00038804209615054354,41.55634918610405,0.9739130434782609,15.419019264976882
633.3147792706334,435.15930902111324,Stroma,0.7710607647895813,521,549,0.8399267862798354,0.6705276705276705,521,35.399939399878846,19.2115374482532,-1.4336471417744698,92.08326112068524,0.9489981785063752,16.27509976702553
891.6995708154507,78.99570815450643,Stroma,0.7710329294204712,233,253,0.9769798113016152,0.4031141868512111,233,37.62193540619796,8.025954442936671,0.39554973247629915,81.01219330881976,0.9209486166007905,28.167276672556145
971.5737704918033,524.5901639344262,Stroma,0.770010769367218,61,65,0.9584677059742573,0.7625,61,16.67032946227926,4.754395983293794,0.02431389191832165,34.48528137423857,0.9384615384615385,19.495649696072224
801.8524590163935,384.1885245901639,Stroma,0.7693191170692444,122,138,0.8994988569682133,0.6777777777777778,122,19.531318154593794,8.533684321035802,0.056038037826375606,45.798989873223334,0.8840579710144928,17.193012077111586
396.2025316455696,432.9746835443038,Lymphocyte,0.7691637277603149,79,82,0.8439077757091952,0.7596153846153846,79,13.69576016189379,7.347614704308487,-0.17229170070012836,32.72792206135785,0.9634146341463414,13.558441550054608
277.2470588235294,611.7529411764706,Lymphocyte,0.7690181732177734,85,88,0.5802044093492963,0.7727272727272727,85,11.573476270183024,9.426259608503328,-1.0974925914394709,32.14213562373095,0.9659090909090909,12.154316264168402
697.7142857142857,520.6428571428571,Stroma,0.7684507966041565,70,78,0.9631907770925004,0.5147058823529411,70,18.249474491518512,4.905801144058709,-0.3137765549807046,38.384776310850235,0.8974358974358975,21.048443606200134
532.7861271676301,111.14450867052022,Stroma,0.7660509943962097,173,194,0.9836214882360372,0.726890756302521,173,35.60495609206981,6.41766547058604,-0.042605801035442745,72.72792206135784,0.8917525773195877,30.57428119862972
510.234693877551,411.48979591836735,Lymphocyte,0.7590183615684509,98,103,0.7480473026632647,0.6853146853146853,98,13.824269957958453,9.174413332989717,1.05728974468079,35.798989873223334,0.9514563106796117,13.077221183093336
649.5900383141762,708.9386973180077,Tumor,0.7583478689193726,261,276,0.9343138383538162,0.58,261,31.024594024991735,11.058762189679927,0.3821482140435755,71.94112549695427,0.9456521739130435,19.829599761565223
186.4418604651163,585.5426356589147,Lymphocyte,0.7577121257781982,129,137,0.9084158013184245,0.7166666666666667,129,19.89191702214891,8.316171093913383,0.09242164480855951,46.384776310850235,0.9416058394160584,16.67866258455514
277.30232558139534,209.03875968992247,Stroma,0.7552809119224548,129,137,0.7497371548344599,0.7818181818181819,129,15.946543137008117,10.552397632463109,-1.3621950258844027,42.14213562373095,0.9416058394160584,13.767128642859948
188.66304347826087,665.6086956521739,Stroma,0.7538100481033325,92,95,0.9061057727304125,0.71875,92,16.6550973333432,7.045959125642806,-0.28912311579373445,38.14213562373095,0.968421052631579,15.8132881515118
274.031746031746,627.3280423280423,Lymphocyte,0.7525916695594788,189,194,0.435152090641591,0.84375,189,16.438294467930007,14.800332858372053,-0.014945102739827914,50.384776310850235,0.9742268041237113,13.431881925367275
932.6321839080459,883.6321839080459,Lymphocyte,0.7516469955444336,174,183,0.8674589603431316,0.6904761904761905,174,21.557691950458842,10.72514028402892,0.2190141728254846,53.21320343559642,0.9508196721311475,16.27382195332282
227.6909090909091,327.94545454545454,Stroma,0.7462893128395081,110,121,0.9594663429524368,0.7142857142857143,110,22.428801091634167,6.320957318841881,-0.11088425823804354,48.142135623730944,0.9090909090909091,21.069683840124583
159.69101123595505,635.1797752808989,Stroma,0.7459880113601685,178,206,0.9709828466530374,0.4564102564102564,178,32.423278773568434,7.753999257918817,-0.32606590833139865,70.2842712474619,0.8640776699029126,27.752128004420225
249.85955056179776,467.19101123595505,Lymphocyte,0.7458094954490662,178,186,0.9077535259193847,0.652014652014652,178,23.39569957080844,9.814587605404366,-0.3711009075578195,55.45584412271571,0.956989247311828,17.2772508278817
534.9178743961353,542.8792270531401,Lymphocyte,0.7451252937316895,207,215,0.7171943661105956,0.7781954887218046,207,19.469345928976963,13.56766518069116,-0.16050281861618043,52.62741699796952,0.9627906976744186,13.379927632261694
579.4017857142857,864.9732142857143,Lymphocyte,0.7445348501205444,224,236,0.7856403734373263,0.7368421052631579,224,21.754477573914503,13.459135103376767,0.5512329632746806,57.79898987322333,0.9491525423728814,14.91394299270077
778.3823529411765,279.1764705882353,Stroma,0.7433843612670898,68,76,0.8936781614422844,0.5151515151515151,68,14.58397244960334,6.5439528209994515,-0.8449783339370207,34.384776310850235,0.8947368421052632,17.386953558047168
486.56060606060606,517.5227272727273,Stroma,0.7391393184661865,264,274,0.9537565580611295,0.825,264,33.45913800945878,10.05715279863727,-0.07681381024049494,72.38477631085023,0.9635036496350365,19.846802430196306
822.8135593220339,551.4915254237288,Stroma,0.7347187399864197,118,123,0.8062977510571493,0.7375,118,16.23312707355845,9.6020550267579,0.07722831699399912,40.970562748477136,0.959349593495935,14.225313660397477
198.1,306.975,Lymphocyte,0.7339533567428589,40,42,0.9248590551908147,0.7272727272727273,40,11.562577064287764,4.397364168727275,-0.19406922657402048,24.48528137423857,0.9523809523809523,14.988225099390856
413.08125,588.01875,Lymphocyte,0.7293542623519897,160,167,0.9027589147239045,0.6477732793522267,160,21.806131298949524,9.379839432153096,-0.4413588181483531,50.62741699796952,0.9580838323353293,16.019595949289332
661.4362519201229,749.778801843318,Tumor,0.7284097671508789,651,725,0.986999978908421,0.6575757575757576,651,73.16617326964702,11.75929541856427,0.0894129125264794,148.28427124746193,0.8979310344827586,33.77607542149134
21.495454545454546,382.17727272727274,Karyorrhexis,0.7283328175544739,220,234,0.8555996767771781,0.6666666666666666,220,23.734352580545394,12.28580495735327,-1.1278646565567887,59.4558441227157,0.9401709401709402,16.06817000156667
56.1764705882353,617.0,Stroma,0.7256646752357483,153,170,0.9823715560066595,0.2897727272727273,153,32.99810020577034,6.1686262259155145,-0.7965333272098661,67.49747468305833,0.9,29.777183585556205
560.8238636363636,622.2272727272727,Lymphocyte,0.724856972694397,176,182,0.740392788185516,0.8627450980392157,176,18.37896419786534,12.353870533656423,0.0073422592836093455,48.72792206135785,0.967032967032967,13.49096811601003
24.138461538461538,279.33076923076925,Karyorrhexis,0.7230959534645081,130,146,0.96726609057214,0.5416666666666666,130,25.83064510209851,6.554895067739764,-0.24802615444196832,54.62741699796952,0.8904109589041096,22.95503606053884
88.07638888888889,434.15625,Karyorrhexis,0.7216619849205017,288,320,0.9751110921385224,0.3356643356643357,288,41.687052314519356,9.242721587888372,-0.9253637988172024,91.15432893255071,0.9,28.85108223313768
127.33160621761658,618.2642487046633,Lymphocyte,0.7170659303665161,193,203,0.8646464763333632,0.6892857142857143,193,22.388555486455658,11.247580477532825,-0.4466877797154456,55.21320343559643,0.9507389162561576,15.795325562800814
203.9516129032258,664.0806451612904,Lymphocyte,0.7148202061653137,62,64,0.673114304673489,0.7654320987654321,62,10.36068735865567,7.662126766930244,-0.6393828621307206,27.31370849898476,0.96875,12.032881805927618
145.65887850467288,600.8457943925233,Stroma,0.7145503759384155,214,232,0.9530927491505183,0.6484848484848484,214,30.31308869258257,9.17511706886369,-0.17277689237791746,68.04163056034261,0.9224137931034483,21.633941538832474
229.0421052631579,839.8105263157895,Stroma,0.7142922878265381,95,100,0.8455445183248184,0.6785714285714286,95,15.120393042665524,8.072852293471577,-0.48586773753659,36.38477631085023,0.95,13.935283654637978
519.7718446601941,617.0194174757281,Lymphocyte,0.7115436792373657,206,213,0.8762477653056214,0.653968253968254,206,23.361533608739403,11.257007836815472,-0.5118777797353463,56.2842712474619,0.9671361502347418,15.378248494455663
394.75757575757575,311.45454545454544,Stroma,0.711532473564148,33,38,0.961977443992782,0.5,33,12.426437700209338,3.3940192880459277,0.4081146201892522,22.692388155425117,0.868421052631579,15.604378187772065
441.0190476190476,352.752380952381,Lymphocyte,0.7110469937324524,105,115,0.1249423610062567,0.7291666666666666,105,11.891607356583908,11.79842474249326,-1.394950483165727,39.21320343559643,0.9130434782608695,14.644526892204489
582.9016393442623,600.8360655737705,Lymphocyte,0.7085925340652466,244,253,0.7565334459128401,0.6931818181818182,244,21.995348550841864,14.383968215216672,1.5606280398458456,60.2842712474619,0.9644268774703557,14.894235081301483
221.52678571428572,313.8482142857143,Stroma,0.7085608243942261,112,119,0.9538288719830488,0.7272727272727273,112,22.037807725981693,6.619068775061039,0.12714949738111814,48.142135623730944,0.9411764705882353,20.693439485836645
376.65909090909093,322.7386363636364,Stroma,0.7085350155830383,88,98,0.9480415120595856,0.6616541353383458,88,19.667364681842493,6.257106203482751,0.054414715994187283,42.97056274847714,0.8979591836734694,20.982605260463767
718.8324607329843,562.1623036649214,Macrophage,0.7082351446151733,191,208,0.9131451062333417,0.47869674185463656,191,25.057279788679118,10.214215694259279,0.9009350545441819,60.18376618407356,0.9182692307692307,18.963799539786578
662.6112359550561,778.9752808988763,Tumor,0.707494854927063,445,472,0.8852074007361614,0.7271241830065359,445,35.44605500833337,16.489383550585956,-0.15830755586667403,89.14823227814082,0.9427966101694916,17.859342288353595
427.4864864864865,750.545945945946,Stroma,0.704613983631134,185,208,0.9457085638476961,0.6851851851851852,185,27.65917895975438,8.989671964728196,-0.0412368068278001,62.04163056034262,0.8894230769230769,20.806291473438048
492.5,858.9878048780488,Stroma,0.7028989791870117,82,95,0.9732428542698397,0.6212121212121212,82,22.375975287122177,5.141527169394247,-0.024902025033034667,46.106601717798206,0.8631578947368421,25.92461856053259
952.7068965517242,780.6724137931035,Lymphocyte,0.7027711272239685,58,62,0.9300646608770393,0.6904761904761905,58,14.26136150058943,5.239565341020485,-0.215862130791876,30.72792206135785,0.9354838709677419,16.279399900153148
662.7644110275689,114.7593984962406,Macrophage,0.7018511295318604,399,410,0.7657890032080171,0.75,399,28.28632283810131,18.190705333728296,0.09305950883532106,75.94112549695429,0.973170731707317,14.453770781313684
624.8938053097345,602.0619469026549,Stroma,0.7017644643783569,113,124,0.8695848969299758,0.6647058823529411,113,17.7488055081213,8.764066624531905,-0.2085310740100774,42.97056274847714,0.9112903225806451,16.34043595505143
385.6923076923077,852.491124260355,Stroma,0.7013278603553772,169,179,0.9370632151491195,0.6145454545454545,169,25.07728175969101,8.755977422507568,-0.2972753344890611,58.87005768508881,0.9441340782122905,20.50700409376144
183.81333333333333,789.5555555555555,Stroma,0.7011768221855164,450,518,0.9139100066844175,0.5142857142857142,450,38.70490338190529,15.710972964184148,0.5130050293501407,110.25483399593902,0.8687258687258688,27.013618709937937
102.57857142857142,315.6,Karyorrhexis,0.6946830749511719,140,173,0.8924867832557046,0.5384615384615384,140,21.88108519039099,9.86997863411012,-0.45604327446680154,55.21320343559643,0.8092485549132948,21.77498452586112
487.84313725490193,628.2549019607843,Stroma,0.693892776966095,153,158,0.7580846824278764,0.6830357142857143,153,17.33414887063216,11.304571396095001,-0.9503176936983316,44.87005768508881,0.9683544303797469,13.158967821328087
667.549356223176,522.5450643776824,Lymphocyte,0.6930095553398132,233,241,0.9016673637438426,0.8146853146853147,233,26.397882438565137,11.415244246726385,0.016216694583663132,61.79898987322333,0.966804979253112,16.391052143136307
239.099173553719,427.3512396694215,Tumor,0.6919728517532349,242,256,0.8133033228668098,0.7014492753623188,242,23.498162701235227,13.672169358811491,0.27239644414488146,62.04163056034261,0.9453125,15.905636043743959
418.95238095238096,898.7301587301587,Stroma,0.6917864680290222,63,69,0.8802299760312353,0.6428571428571429,63,13.698597377313988,6.500633111602772,0.08390533508934533,32.89949493661167,0.9130434782608695,17.180583604510105
521.7956989247311,1011.3655913978495,Stroma,0.6915688514709473,93,100,0.9786083849045284,0.34962406015037595,93,24.119991998488146,4.962252621092183,-0.6333725975169745,48.526911934581186,0.93,25.321087977490297
804.0714285714286,155.46938775510205,Stroma,0.6900588274002075,98,100,0.7203975242601198,0.7538461538461538,98,13.44134458803766,9.322397687704678,-0.3725852042629245,34.97056274847714,0.98,12.478982234134461
849.8148148148148,1.4691358024691359,Stroma,0.6898361444473267,81,92,0.9860687972916378,0.675,81,26.32129114701786,4.37823067076665,0.08931154492240441,49.071067811865476,0.8804347826086957,29.728020940700002
187.26506024096386,616.1084337349398,Lymphocyte,0.6895729303359985,83,83,0.803703681950917,0.7980769230769231,83,13.415552995561606,7.982653012416635,-0.1985450714328383,32.72792206135785,1.0,12.905022680172458
449.5,321.8076923076923,Stroma,0.6891019940376282,104,120,0.9787575203520681,0.5942857142857143,104,26.190828040936854,5.369676520830648,-0.11550924144960029,53.55634918610404,0.8666666666666667,27.57963978984526
95.42011834319527,416.0591715976331,Stroma,0.686547577381134,169,190,0.9095620328335317,0.5365079365079365,169,23.150551513746795,9.62063245269674,-1.0323536160653104,56.49137802864845,0.8894736842105263,18.883288707548314
692.8962075848303,550.8223552894211,Tumor,0.6861076951026917,501,515,0.6645630411387863,0.6910344827586207,501,29.763176266758787,22.240003753201727,-0.9807134546194604,87.01219330881976,0.9728155339805825,15.112019529763309
168.41333333333333,443.4266666666667,Lymphocyte,0.6845989227294922,75,79,0.7156410881946386,0.6818181818181818,75,11.784358007420673,8.230999380232308,0.5755631799542217,31.556349186104047,0.9493670886075949,13.277375652737726
207.6728971962617,693.2336448598131,Stroma,0.6844107508659363,107,113,0.9115662164532883,0.6993464052287581,107,18.406420485929697,7.567860455038503,1.2595763218495226,42.72792206135786,0.9469026548672567,17.062386202630577
359.35260115606934,540.5895953757225,Stroma,0.6833881735801697,346,353,0.7242591527543129,0.8480392156862745,346,25.39003881320693,17.507139311110386,-0.10456367820900436,68.62741699796952,0.9801699716713881,13.611914346280912
626.6382978723404,619.7659574468086,Lymphocyte,0.6820167303085327,47,50,0.8874535290550366,0.5875,47,11.429809802793509,5.26796739415681,1.032902852307672,25.556349186104043,0.94,13.896318802597465
216.87671232876713,866.3424657534247,Stroma,0.6820108890533447,73,76,0.6842581332600445,0.7373737373737373,73,11.387849377699338,8.304473948671045,0.36765353286243335,30.14213562373095,0.9605263157894737,12.44586767067658
48.354497354497354,340.7195767195767,Karyorrhexis,0.681792676448822,189,213,0.838998120674369,0.6136363636363636,189,21.778230647316718,11.850282630085639,-0.05814390549366421,57.11269837220809,0.8873239436619719,17.25852018706254
888.0934579439253,17.30841121495327,Lymphocyte,0.677982747554779,107,114,0.9168437013240285,0.7039473684210527,107,18.68818977794935,7.461191073750812,0.13301705727823254,42.97056274847714,0.9385964912280702,17.25672208337207
564.473076923077,399.0230769230769,Stroma,0.6767240762710571,260,274,0.944274266065049,0.47101449275362317,260,32.0552961196471,10.551311768251866,-0.8422440777805742,71.25483399593904,0.948905109489051,19.52788987611088
324.8918918918919,724.3783783783783,Stroma,0.6763535737991333,37,40,0.9003067772447563,0.6166666666666667,37,10.552099398064145,4.592863621759931,0.3453794947999955,23.31370849898476,0.925,14.689973080422545
918.6781115879828,99.58583690987125,Stroma,0.6754862666130066,466,565,0.9880469708217895,0.6075619295958279,466,65.22342259450342,10.054393887807603,0.07640824281546424,129.69848480983498,0.8247787610619469,36.09806215014377
985.9469026548672,685.5265486725664,Stroma,0.6746121048927307,226,312,0.9216179963023988,0.39304347826086955,226,32.75926973044235,12.713815981210757,-0.8925824491607265,94.22539674441617,0.7243589743589743,39.28506810461342
452.7100591715976,448.71597633136093,Stroma,0.6745473146438599,338,352,0.8597758869118324,0.7770114942528735,338,29.18908603206782,14.906035587179376,0.01494678541616518,72.2842712474619,0.9602272727272727,15.45862683365872
671.5909090909091,219.6590909090909,Stroma,0.6728646159172058,132,157,0.9454177272702348,0.6666666666666666,132,24.274597799929822,7.910142093074809,-0.07661217692606201,53.55634918610404,0.8407643312101911,21.72941316775687
351.2608695652174,605.7142857142857,Stroma,0.671480119228363,161,182,0.9790891746479694,0.3138401559454191,161,32.14501646541669,6.539309935872075,-0.6201674315618049,70.0477272147525,0.8846153846153846,30.476298682934026
864.0140845070423,955.5352112676056,Stroma,0.6714383959770203,71,80,0.9294990543661102,0.5071428571428571,71,16.062587205829093,5.924275610674733,0.5006739275442713,36.384776310850235,0.8875,18.64580207310716
168.5744680851064,464.01063829787233,Lymphocyte,0.6712352633476257,94,99,0.7529790584484545,0.8034188034188035,94,13.533410234542595,8.905585899178268,0.2121397535438428,35.31370849898476,0.9494949494949495,13.266574552673067
241.0924369747899,731.09243697479,Lymphocyte,0.6702281832695007,119,122,0.8415395887058961,0.7041420118343196,119,16.751134963397732,9.048886834366781,-0.7853981633974477,40.97056274847714,0.9754098360655737,14.105773209469772
495.8936170212766,576.5212765957447,Lymphocyte,0.6695137619972229,94,99,0.8864200560145311,0.6266666666666667,94,16.13152203129284,7.466986621981748,-0.4674238157257811,37.798989873223334,0.9494949494949495,15.199613142936597
469.0495867768595,338.54545454545456,Stroma,0.6694974899291992,121,130,0.9559644155126552,0.4201388888888889,121,23.21224264486533,6.812389314181469,-0.6998932222301003,49.35533905932738,0.9307692307692308,20.131813997199725
353.2692307692308,594.0480769230769,Stroma,0.6678980588912964,104,115,0.9739912262021908,0.4,104,24.33604335239804,5.514200053881515,-0.5349503585263204,50.284271247461895,0.9043478260869565,24.31257629700311
561.7710843373494,529.6265060240963,Lymphocyte,0.6678400635719299,166,176,0.9142008450124629,0.5763888888888888,166,23.204936078492892,9.40406524420302,-0.7474036816310783,52.87005768508881,0.9431818181818182,16.83881325075071
605.975,487.315,Lymphocyte,0.6678115129470825,200,202,0.8643076656905809,0.7905138339920948,200,22.886948138699736,11.511299009949706,-0.023842264797590097,55.21320343559643,0.9900990099009901,15.242489168102786
459.76623376623377,581.7012987012987,Stroma,0.667163074016571,77,85,0.9502865812820415,0.4583333333333333,77,18.070865633183224,5.626845466208978,-0.7205090199172104,38.62741699796952,0.9058823529411765,19.37762784331201
375.4,340.2,Stroma,0.6663075089454651,35,40,0.9356734466403805,0.6363636363636364,35,11.369905728580369,4.012065838769839,-0.09838092318662107,23.899494936611667,0.875,16.319595949289333
571.7948717948718,574.4807692307693,Stroma,0.6654506921768188,156,164,0.8556973924311012,0.6753246753246753,156,19.825359263799694,10.259158376165258,-0.14767770616802514,50.04163056034261,0.9512195121951219,16.052338391909075
229.6078431372549,371.62745098039215,Stroma,0.6627076864242554,51,52,0.9626031110945196,0.85,51,15.425107268097758,4.178901854325515,0.01914515854031162,31.242640687119284,0.9807692307692307,19.139266609891006
219.84782608695653,364.30434782608694,Stroma,0.6614398956298828,46,49,0.7990105567604541,0.6571428571428571,46,9.977226242240647,5.999475716601706,0.46169630653063454,24.727922061357855,0.9387755102040817,13.29282890157801
82.16279069767442,551.3953488372093,Lymphocyte,0.6591174602508545,86,88,0.7242470029390302,0.7818181818181819,86,12.655977461024936,8.72681065625948,0.5886324608428056,32.72792206135785,0.9772727272727273,12.454847470399
966.3181818181819,19.727272727272727,Lymphocyte,0.658276379108429,110,114,0.8598704306279412,0.7333333333333333,110,16.660581505101696,8.505432339614732,0.3678478583902041,40.14213562373095,0.9649122807017544,14.649009567581905
833.1428571428571,373.85714285714283,Stroma,0.6581558585166931,21,21,0.7122419741475571,0.84,21,6.110100926607787,4.288887713980078,-0.7853981633974482,14.242640687119286,1.0,9.659657797256463
206.62857142857143,860.9142857142857,Stroma,0.655368983745575,35,36,0.8251673564596216,0.7777777777777778,35,8.867847585370768,5.0093436796244095,-0.18232597387299554,20.485281374238568,0.9722222222222222,11.989907228049303
848.453488372093,30.953488372093023,Stroma,0.6542783975601196,86,88,0.6844193944749044,0.7818181818181819,86,12.298419723327413,8.966636823940826,0.809697308432336,32.72792206135786,0.9772727272727273,12.454847470399006
391.01234567901236,637.4197530864197,Stroma,0.6505289673805237,81,90,0.9452470881229147,0.50625,81,18.147005765403023,5.92237597456058,-0.512493465996423,39.79898987322333,0.9,19.55505672751769
831.9166666666666,313.5625,Stroma,0.6479640007019043,48,49,0.8679009578670451,0.7272727272727273,48,11.0595054216532,5.493668663468797,0.29439850039410864,25.31370849898476,0.9795918367346939,13.349663291074442
119.80423280423281,1008.2698412698413,Lymphocyte,0.6453604102134705,189,194,0.7573715715483536,0.75,189,19.23968213868146,12.563207523825657,-1.1453021353770232,50.04163056034262,0.9742268041237113,13.249549148877334
449.9801324503311,909.4701986754967,Stroma,0.6450183987617493,151,167,0.7949876482736067,0.6863636363636364,151,18.529190645720853,11.24028170631811,0.059515643606242466,50.384776310850235,0.9041916167664671,16.81209062181732
529.2121212121212,880.8636363636364,Stroma,0.6406227350234985,66,78,0.9836156490049711,0.5238095238095238,66,22.367353042221062,4.032347735641915,-0.19465116032223384,44.72792206135785,0.8461538461538461,30.311924423134887
213.74233128834356,593.8220858895705,Stroma,0.6384660601615906,326,361,0.9867132506310426,0.6269230769230769,326,51.047675671465306,8.293788151748855,0.09931005864123675,108.83452377915606,0.9030470914127424,36.334213393361
578.0656934306569,742.5985401459855,Lymphocyte,0.6341494917869568,137,145,0.9211066875494072,0.6227272727272727,137,21.27577460851851,8.282877115300744,0.31076053223541367,50.21320343559643,0.9448275862068966,18.404129921639363
597.9847328244275,388.70992366412213,Lymphocyte,0.6336445808410645,131,144,0.8365748575269797,0.655,131,18.124805831742272,9.929722601978193,1.5028111092527603,45.55634918610405,0.9097222222222222,15.842602680658343
361.75619834710744,406.1776859504132,Stroma,0.6327647566795349,242,253,0.8876965866184647,0.606516290726817,242,25.939014443288436,11.943071835116202,-0.686537580592638,62.526911934581186,0.9565217391304348,16.155432711053187
467.04,488.852,Stroma,0.6320762038230896,250,261,0.8666978666772428,0.6038647342995169,250,25.404124318426376,12.672426903081258,-0.6049951206279217,62.18376618407356,0.9578544061302682,15.467283107342123
1021.8936170212766,840.1063829787234,Stroma,0.6312381029129028,47,52,0.9758447387350968,0.7833333333333333,47,16.918396773930194,3.6960810228698406,1.5502228390900228,32.242640687119284,0.9038461538461539,22.118891031461274
258.7324561403509,453.9035087719298,Tumor,0.6301733255386353,228,239,0.9249290488719941,0.7037037037037037,228,27.93217914072822,10.618132514828961,-0.1988785043828903,64.62741699796952,0.9539748953974896,18.31887292907649
184.37179487179486,458.75,Tumor,0.6295062899589539,156,162,0.9050269082350247,0.6446280991735537,156,22.049084319082112,9.378673210868012,-0.3383008107754184,52.62741699796951,0.9629629629629629,17.754134742808784
111.68085106382979,368.12056737588654,Lymphocyte,0.6244734525680542,141,146,0.7056301211717173,0.7230769230769231,141,16.110298841774465,11.415441415734659,-0.3949228941316003,43.79898987322333,0.9657534246575342,13.605329885919996
560.5730337078652,544.4494382022472,Lymphocyte,0.6236364841461182,89,94,0.9185028682855166,0.6953125,89,16.939942279909253,6.6982956822682596,-0.26215617912078626,38.14213562373095,0.9468085106382979,16.34632033639422
242.4931506849315,827.6849315068494,Lymphocyte,0.6213762760162354,73,75,0.8707611984960357,0.7448979591836735,73,13.895871120092277,6.832685250440966,-0.23010881278502798,32.31370849898476,0.9733333333333334,14.303777492566574
497.25,770.8139534883721,Lymphocyte,0.6163155436515808,172,184,0.9439457425941452,0.7644444444444445,172,26.16312022146251,8.636462828969654,-0.005795777709791643,57.55634918610404,0.9347826086956522,19.26007750949267
620.6974789915967,474.7310924369748,Lymphocyte,0.6152395606040955,119,132,0.9655345510888332,0.6467391304347826,119,24.836184669641636,6.464235819244902,0.16443799992352545,51.55634918610405,0.9015151515151515,22.336614633609173
283.8023952095808,368.68263473053895,Stroma,0.6147812008857727,167,173,0.9212788625988868,0.8067632850241546,167,23.45525700445677,9.121811187852554,-0.04902011298985186,53.55634918610404,0.9653179190751445,17.175344539783875
477.05,602.3027777777778,Lymphocyte,0.6147378087043762,360,369,0.5246392446478947,0.782608695652174,360,23.23309815182909,19.778909197246136,-0.3175353027956208,68.5269119345812,0.975609756097561,13.044271275805128
172.67123287671234,604.1095890410959,Lymphocyte,0.6114753484725952,73,77,0.5441586151572017,0.7373737373737373,73,10.561983200809777,8.86131759939126,-0.18059809871442442,30.14213562373095,0.948051948051948,12.44586767067658
119.11904761904762,546.25,Lymphocyte,0.6098006367683411,84,87,0.8881973176393956,0.5874125874125874,84,15.300740812776155,7.030112230436748,0.9269976061511426,35.79898987322333,0.9655172413793104,15.256758046942217
854.1395348837209,395.3643410852713,Stroma,0.6080202460289001,129,135,0.7904786862192046,0.6898395721925134,129,16.529772976762764,10.124313182101547,0.2964316364408547,42.62741699796952,0.9555555555555556,14.08602077456419
153.58947368421053,564.0736842105263,Stroma,0.6079396605491638,95,101,0.9105108001122182,0.8482142857142857,95,17.37722829145031,7.185228233943215,0.103761608208768,39.31370849898476,0.9405940594059405,16.26913343098049
514.3726708074535,490.1149068322981,Lymphocyte,0.607074499130249,322,330,0.8173737466124035,0.7155555555555555,322,26.714928888331805,15.39067800773773,-0.4781469177175045,68.5269119345812,0.9757575757575757,14.5836573269871
